No,X1 transaction date,X2 house age,X3 distance to the nearest MRT station,X4 number of convenience stores,X5 latitude,X6 longitude,Y house price of unit area
1,0.27292576419222314,0.7305936073059361,0.00951267162646579,1.0,0.6169413475521424,0.7193228380417622,0.27570518653321197
2,0.27292576419222314,0.44520547945205485,0.04380939087238875,0.9,0.5849491032477658,0.7114513694198195,0.3148316651501365
3,1.0,0.30365296803652975,0.0833150513098478,0.5,0.6712312166747552,0.7588958378260031,0.3612374886260236
4,0.90938864628788,0.30365296803652975,0.0833150513098478,0.5,0.6712312166747552,0.7588958378260031,0.42948134667879884
5,0.18122270742378532,0.11415525114155252,0.05679908927803007,0.5,0.5731943771207284,0.7431529005821176,0.32302092811646954
6,0.0,0.16210045662100458,0.3328333476285393,0.30000000000000004,0.3754241396025577,0.4206383437567638,0.2229299363057325
7,0.0,0.7876712328767124,0.09282658134109707,0.7000000000000001,0.5727096461464498,0.6781324131982274,0.29754322111010006
8,0.8187772925762147,0.46347031963470325,0.040871531160840725,0.6000000000000001,0.585918565196323,0.7413198188482966,0.35577797998180166
9,0.90938864628788,0.723744292237443,0.8490274357443697,0.1,0.22879301987399003,0.11915031270200416,0.1019108280254777
10,0.8187772925762147,0.408675799086758,0.2722189728867981,0.30000000000000004,0.42704798836649616,0.445654518007359,0.13193812556869883
11,0.4541484716155537,0.7945205479452055,0.05906449062572128,0.1,0.5019389238972849,0.6490187621307086,0.3075523202911738
12,0.7270742358077769,0.14383561643835618,0.010375402047250855,0.9,0.5121182743577606,0.7501617425057248,0.45950864422202004
13,0.27292576419222314,0.29680365296803657,0.07252508932379287,0.5,0.4008725157538038,0.6883761052404225,0.2884440400363967
14,0.0,0.4657534246575343,0.3784066639856608,0.4,0.35155113911781655,0.39821004960094797,0.14740673339399452
15,0.90938864628788,0.30136986301369867,0.17656907188754398,0.4,0.7209161415414655,0.6526849255983507,0.24294813466787984
16,1.0,0.8150684931506851,0.08597936129498701,0.2,0.6099127484246196,0.7834806987275442,0.3903548680618744
17,0.6364628820961116,0.0,0.04170611770172145,0.6000000000000001,0.5498061076103227,0.7661203364243647,0.5686988171064603
18,0.09061135371166529,0.4041095890410959,0.05065537341690908,0.1,0.5255695588948583,0.6217381927970109,0.2711555959963603
19,0.8187772925762147,0.3858447488584475,0.05332911935166995,0.8,0.42935046049444736,0.7653655380634063,0.3157415832575068
20,0.0,0.03424657534246576,0.0,0.7000000000000001,0.43201648085317856,0.7277334483501363,0.364877161055505
21,0.8187772925762147,0.10273972602739727,0.34843313798091996,0.30000000000000004,0.3765147842947272,0.4095320250162331,0.19745222929936307
22,0.8187772925762147,0.2397260273972603,0.03956752932943736,0.7000000000000001,0.5236306349976303,0.7750700884191701,0.40036396724294815
23,0.27292576419222314,0.3356164383561644,0.20677973413441597,0.1,0.24200193892392008,0.8075264179424266,0.15468607825295722
24,0.4541484716155537,0.2305936073059361,0.03956752932943736,0.7000000000000001,0.5236306349976303,0.7750700884191701,0.36669699727024563
25,0.36353711790388843,0.9041095890410961,0.07074098328188566,0.4,0.5024236548715635,0.7043346991588351,0.283894449499545
26,0.4541484716155537,0.6689497716894978,0.2265378392036717,0.2,0.5253271934076906,0.47153331895606243,0.17652411282984531
27,0.0,0.07077625570776257,0.05576175357044268,0.5,0.5911294231701731,0.7588958378260031,0.44222020018198366
28,0.6364628820961116,0.23744292237442927,0.03914622191321533,0.5,0.28914202617551155,0.7073538926028959,0.23657870791628755
29,0.90938864628788,0.4383561643835617,0.08261795119558556,0.4,0.5104217159477002,0.6948458054775983,0.35850773430391264
30,0.4541484716155537,0.16210045662100458,0.06618482727268374,0.5,0.5278720310228096,0.7915678240242414,0.4504094631483166
31,0.90938864628788,0.591324200913242,0.6955234072992571,0.0,0.19619486185172264,0.24088850549924246,0.13193812556869883
32,0.09061135371166529,0.6757990867579909,0.11540020362098659,0.7000000000000001,0.6148812409113589,0.6529005822728777,0.1583257506824386
33,0.09061135371166529,0.8652968036529681,0.07195914890927167,0.1,0.5019389238972849,0.6575372007762326,0.24203821656050956
34,0.6364628820961116,0.37671232876712335,0.04644840941878795,0.6000000000000001,0.5615608337373033,0.747034720724514,0.37943585077343034
35,0.09061135371166529,0.35159817351598177,0.02815071091310701,0.7000000000000001,0.6316044595250219,0.7429372439075905,0.4322111010009099
36,0.90938864628788,0.31735159817351605,0.6274187448103051,0.0,1.0,0.4812378693118262,0.1792538671519563
37,0.27292576419222314,0.3356164383561644,0.29570505149510184,0.2,0.38523994183231025,0.44263532456307075,0.13921747042766147
38,0.5458515283839915,0.27397260273972607,0.20677973413441597,0.1,0.24200193892392008,0.8075264179424266,0.16105550500454957
39,0.0,0.07077625570776257,0.08578649667222829,0.6000000000000001,0.48400387784784016,0.7945870174680749,0.364877161055505
40,0.5458515283839915,0.36986301369863017,0.04113794978433874,0.5,0.6054289869123295,0.7542592193228757,0.35122838944494994
41,0.36353711790388843,0.31050228310502287,0.6278204687638697,0.0,0.11488124091130203,0.32650420530512747,0.07552320291173793
42,0.90938864628788,0.3835616438356165,0.6254339469480842,0.0,0.13208919049930046,0.3222989001510541,0.09645131938125569
43,0.8187772925762147,0.8242009132420093,0.07673729723490046,0.5,0.3754241396025577,0.690640500323525,0.24658780709736128
44,0.09061135371166529,0.7853881278538813,0.07570481872105275,0.6000000000000001,0.6714735821619797,0.7491912874702393,0.2411282984531392
45,1.0,0.06164383561643837,0.07890516798855142,0.4,0.51357246728071,0.7992236359714298,0.42129208371246585
46,0.4541484716155537,0.8356164383561645,0.07199729489577496,0.8,0.46146388754243617,0.7700021565665338,0.27934485896269334
47,0.8187772925762147,0.49543378995433796,0.06815222276879919,0.9,0.4632816286961088,0.7661203364243647,0.3130118289353958
48,1.0,0.8196347031963471,0.09549741914712208,0.30000000000000004,0.5278720310228096,0.6860038818199428,0.4904458598726114
49,0.8187772925762147,0.5525114155251142,0.7088356759630302,0.0,0.1789869122637242,0.23991805046352965,0.05277525022747953
50,0.0,0.6712328767123288,0.6940800163825411,0.1,0.20819195346587094,0.2360362303211332,0.05095541401273884
51,0.8187772925762147,0.49543378995433796,0.07566794117367895,0.4,0.5081192438196922,0.6996980806554802,0.3330300272975432
52,0.4541484716155537,0.7146118721461188,0.2683867398388157,0.1,0.2659961221522167,0.8549708863488377,0.1191992720655141
53,1.0,0.7328767123287673,0.2189134372216743,0.30000000000000004,0.5104217159477002,0.4741211990510692,0.17652411282984531
54,0.4541484716155537,0.30365296803652975,0.07252508932379287,0.5,0.4008725157538038,0.6883761052404225,0.28480436760691535
55,0.4541484716155537,0.36757990867579915,0.04113794978433874,0.5,0.6054289869123295,0.7542592193228757,0.4012738853503185
56,0.18122270742378532,0.723744292237443,0.17591845542674583,0.0,0.21340281143966422,0.6098770756955219,0.05550500454959052
57,0.8187772925762147,0.767123287671233,0.053810693095311626,0.8,0.4904265632574152,0.7230968298467815,0.31210191082802546
58,0.27292576419222314,0.07990867579908677,0.005118834060157204,0.7000000000000001,0.30744062045567944,0.6855725684708887,0.4176524112829845
59,0.90938864628788,0.6917808219178083,0.6940800163825411,0.1,0.20819195346587094,0.2360362303211332,0.1364877161055505
60,0.4541484716155537,0.30365296803652975,0.04836625844500476,0.5,0.31131846825013554,0.6561354323914657,0.31665150136487713
61,0.8187772925762147,0.25114155251141557,0.2951169288645848,0.2,0.38269510421719133,0.44403709294783766,0.12465878070973611
62,0.90938864628788,0.12100456621004567,0.0365492784208668,0.6000000000000001,0.5305380513815408,0.7723743799870135,0.5059144676979072
63,0.27292576419222314,0.3926940639269407,0.3329643681093514,0.30000000000000004,0.37518177411539,0.4206383437567638,0.18289353958143767
64,1.0,0.059360730593607317,0.07890516798855142,0.4,0.51357246728071,0.7992236359714298,0.4313011828935395
65,0.7270742358077769,0.39954337899543385,0.15041407360067932,0.0,0.3754241396025577,0.8153978865643694,0.16105550500454957
66,0.8187772925762147,0.9155251141552513,0.015524466724368066,0.8,0.5365971885603926,0.7522104809143002,0.3339399454049135
67,0.36353711790388843,0.022831050228310504,0.02632810310298945,0.6000000000000001,0.4076587493941588,0.7263316799653694,0.3921747042766151
68,0.90938864628788,0.1940639269406393,0.012595795462123745,0.5,0.4201405719825857,0.7239594565451171,0.4476797088262056
69,0.8187772925762147,0.6940639269406393,0.06819254985185436,0.6000000000000001,0.5764663111972936,0.6957084321759339,0.26023657870791633
70,0.18122270742378532,0.2853881278538813,0.0833150513098478,0.5,0.6712312166747552,0.7588958378260031,0.3130118289353958
71,1.0,0.15068493150684933,0.010375402047250855,0.9,0.5121182743577606,0.7501617425057248,0.4676979071883531
72,0.4541484716155537,0.8105022831050229,0.09549741914712208,0.30000000000000004,0.5278720310228096,0.6860038818199428,0.30209281164695173
73,1.0,0.7420091324200914,0.06205472759205444,0.8,0.5307804168687085,0.7073538926028959,0.26114649681528657
74,0.5458515283839915,0.31506849315068497,0.6278204687638697,0.0,0.11488124091130203,0.32650420530512747,0.11282984531392175
75,0.27292576419222314,0.15525114155251143,0.055095838496241535,1.0,0.6223945710131034,0.6910718136725791,0.4258416742493175
76,0.90938864628788,0.28082191780821925,0.20677973413441597,0.1,0.24200193892392008,0.8075264179424266,0.19927206551410376
77,1.0,0.8196347031963471,0.09173252165439064,0.30000000000000004,0.5472612699951469,0.6916109553590104,0.2656960873521383
78,0.18122270742378532,0.46803652968036535,0.33439538401017027,0.30000000000000004,0.3774842462433412,0.41880526202294277,0.1637852593266606
79,0.27292576419222314,0.8721461187214613,0.08183818597512967,0.2,0.5321134270480457,0.6499892171661941,0.20200181983621474
80,0.36353711790388843,0.4109589041095891,0.21524084187876652,0.1,0.23933591856524572,0.8123786931203085,0.1719745222929936
81,0.90938864628788,0.26940639269406397,0.07890516798855142,0.4,0.51357246728071,0.7992236359714298,0.29754322111010006
82,0.36353711790388843,0.7031963470319635,0.054823294239874365,0.6000000000000001,0.39020843431899266,0.7128531378045864,0.2656960873521383
83,0.4541484716155537,0.30136986301369867,0.01973070369030523,0.7000000000000001,0.42632089190504985,0.743907698943076,0.3685168334849864
84,0.27292576419222314,0.5776255707762558,0.4151832002922187,0.30000000000000004,0.34524963645179696,0.3750269570841738,0.091901728844404
85,0.4541484716155537,0.3447488584474886,0.05567174079856003,0.7000000000000001,0.42753271934077475,0.7667673064481733,0.32848043676069155
86,0.09061135371166529,0.0,0.048817126680451364,0.9,0.4418322830829311,0.7612680612462555,0.3930846223839854
87,0.18122270742378532,0.04109589041095891,0.2215770047058597,0.1,0.2318225884634444,0.8137804615053028,0.17652411282984531
88,1.0,0.3858447488584475,0.6254339469480842,0.0,0.13208919049930046,0.3222989001510541,0.09736123748862603
89,0.27292576419222314,0.2031963470319635,0.21394038239566376,0.0,0.6502666020359129,0.5828121630363512,0.367606915377616
90,0.90938864628788,0.5251141552511416,0.6070814889970578,0.0,0.1909840038778725,0.3116238947595775,0.16105550500454957
91,0.18122270742378532,0.0,0.038769619241922126,0.1,0.5178138633058893,0.6152684925598351,0.34394904458598724
92,0.6364628820961116,0.2077625570776256,0.21325759089353274,0.0,0.6497818710616343,0.5830278197111056,0.3239308462238399
93,0.27292576419222314,0.47031963470319643,0.3784066639856608,0.4,0.35155113911781655,0.39821004960094797,0.1292083712465878
94,0.27292576419222314,0.728310502283105,0.17370595727201538,0.0,0.20758603974798007,0.6171015742936561,0.07734303912647862
95,0.27292576419222314,0.9337899543378996,0.022308450439243146,0.5,0.41480853126518014,0.7195384947162893,0.3039126478616924
96,0.27292576419222314,0.18264840182648404,0.012595795462123745,0.5,0.4201405719825857,0.7239594565451171,0.4021838034576888
97,0.8187772925762147,0.14611872146118723,0.010375402047250855,0.9,0.5121182743577606,0.7501617425057248,0.47224749772520475
98,0.4541484716155537,0.6484018264840183,0.09189370623645239,0.30000000000000004,0.5500484730974904,0.6411472935085385,0.24567788898999093
99,0.8187772925762147,0.3744292237442922,0.04113794978433874,0.5,0.6054289869123295,0.7542592193228757,0.3949044585987261
100,0.8187772925762147,0.14611872146118723,0.010375402047250855,0.9,0.5121182743577606,0.7501617425057248,0.49681528662420377
101,0.90938864628788,0.39954337899543385,0.14561785775184052,0.4,0.6865002423655255,0.653224067284782,0.27843494085532305
102,0.18122270742378532,0.2899543378995434,0.022699810316993828,0.1,0.5046049442559593,0.6071813672631379,0.2302092811646952
103,0.4541484716155537,0.025114155251141558,0.02632810310298945,0.6000000000000001,0.4076587493941588,0.7263316799653694,0.4258416742493175
104,0.09061135371166529,0.0,0.02861840917017388,0.6000000000000001,0.29217159476490906,0.6999137373300073,0.3466787989080983
105,0.0,0.7465753424657535,0.057089515432368766,0.6000000000000001,0.3866941347552597,0.7436920422687763,0.2083712465878071
106,0.18122270742378532,0.0,0.04170611770172145,0.6000000000000001,0.5498061076103227,0.7661203364243647,0.5768880800727934
107,0.4541484716155537,0.3926940639269407,0.02569908104493199,0.8,0.5453223460979757,0.7499460858311977,0.359417652411283
108,0.7270742358077769,0.2785388127853881,0.20677973413441597,0.1,0.24200193892392008,0.8075264179424266,0.172884440400364
109,0.8187772925762147,0.7168949771689498,0.0880355165926255,0.2,0.49115365971891833,0.669398317877949,0.2411282984531392
110,1.0,0.09132420091324202,0.3285556140082557,0.30000000000000004,0.3746970431411114,0.4238731938753517,0.18926296633303002
111,0.4541484716155537,0.18493150684931509,0.012595795462123745,0.5,0.4201405719825857,0.7239594565451171,0.40036396724294815
112,1.0,0.7602739726027398,0.026797224486884506,0.7000000000000001,0.5445952496364725,0.7408885054992425,0.289353958143767
113,0.8187772925762147,0.22602739726027402,0.3216025566386844,0.30000000000000004,0.3437954435288475,0.44306663791235223,0.14103730664240216
114,0.7270742358077769,0.33789954337899547,0.05721553950051244,0.6000000000000001,0.3593068347067856,0.6964632305368923,0.0
115,0.0,0.6986301369863015,0.018632977905139243,0.8,0.5996122152205885,0.7320465818415869,0.41583257506824384
116,0.4541484716155537,0.47031963470319643,0.1105295056452162,0.2,0.5919777023752317,0.7964200992018959,0.35304822565969063
117,0.36353711790388843,0.7054794520547946,0.9858092598952206,0.1,0.14154144449832984,0.05714901876217482,0.04185623293903548
118,0.36353711790388843,0.31050228310502287,0.6456612198075445,0.0,0.08216190014542235,0.3267198619796545,0.04913557779799818
119,0.90938864628788,0.5776255707762558,0.24136527387636497,0.30000000000000004,0.4138390693165661,0.4697002372222414,0.20928116469517744
120,0.90938864628788,0.37899543378995443,0.04113794978433874,0.5,0.6054289869123295,0.7542592193228757,0.47315741583257503
121,0.5458515283839915,0.30365296803652975,0.07252508932379287,0.5,0.4008725157538038,0.6883761052404225,0.2156505914467698
122,0.90938864628788,0.31050228310502287,0.07252508932379287,0.5,0.4008725157538038,0.6883761052404225,0.367606915377616
123,0.6364628820961116,0.7191780821917809,0.060570251622559496,0.4,0.6049442559379941,0.7667673064481733,0.2265696087352138
124,0.8187772925762147,0.0,0.025066640388732908,0.0,0.4729762481823059,0.6272374379987014,0.3448589626933576
125,0.27292576419222314,0.22602739726027402,0.03956752932943736,0.7000000000000001,0.5236306349976303,0.7750700884191701,0.4531392174704277
126,0.5458515283839915,0.025114155251141558,0.02632810310298945,0.6000000000000001,0.4076587493941588,0.7263316799653694,0.37306642402183804
127,0.4541484716155537,0.8812785388127855,0.12085856016417787,0.4,0.5611972855065801,0.6603407375457664,0.5031847133757961
128,0.6364628820961116,0.08675799086757992,0.05576175357044268,0.5,0.5911294231701731,0.7588958378260031,0.4313011828935395
129,0.4541484716155537,0.9429223744292238,0.015717563378674856,0.6000000000000001,0.4201405719825857,0.7209402631010562,0.48316651501364877
130,0.8187772925762147,0.8789954337899544,0.02992434459781118,0.7000000000000001,0.5912506059137286,0.7342031485873122,0.3039126478616924
131,0.6364628820961116,0.6757990867579909,0.07922240152107757,0.8,0.5919777023752317,0.6793185249082399,0.27206551410373064
132,0.90938864628788,0.09132420091324202,0.3285556140082557,0.30000000000000004,0.3746970431411114,0.4238731938753517,0.21019108280254778
133,0.5458515283839915,0.6073059360730595,0.07105970181631946,0.5,0.5121182743577606,0.7019624757385827,0.27206551410373064
134,0.18122270742378532,0.4109589041095891,0.054142374458897795,0.8,0.6608095007271118,0.725576881604411,0.29026387625113736
135,0.0,0.7625570776255708,0.025304704757056352,0.6000000000000001,0.41165777993217034,0.7394867371144755,0.3148316651501365
136,0.27292576419222314,0.4315068493150685,0.15249920190428726,0.0,0.3817256422685773,0.8192797067067659,0.12010919017288445
137,0.09061135371166529,0.26027397260273977,0.05679908927803007,0.5,0.5731943771207284,0.7431529005821176,0.35668789808917195
138,0.90938864628788,0.31050228310502287,0.04573929007033551,0.6000000000000001,0.3984488608822403,0.7466034073754599,0.36214740673339396
139,0.5458515283839915,0.22831050228310504,0.14217092082381919,0.0,0.561803199224471,0.5448565883114043,0.32666060054595086
140,0.0,0.2945205479452055,0.07252508932379287,0.5,0.4008725157538038,0.6883761052404225,0.3175614194722475
141,0.6364628820961116,0.36986301369863017,0.04113794978433874,0.5,0.6054289869123295,0.7542592193228757,0.3985441310282074
142,0.7270742358077769,0.11643835616438357,0.23766901131555368,0.30000000000000004,0.4854580707707328,0.4608583135648132,0.1938125568698817
143,0.8187772925762147,0.45205479452054803,0.0954770003708916,0.5,0.4617062530296039,0.7864998921716051,0.27206551410373064
144,0.90938864628788,0.31050228310502287,0.07252508932379287,0.5,0.4008725157538038,0.6883761052404225,0.29572338489535943
145,0.4541484716155537,0.271689497716895,0.20677973413441597,0.1,0.24200193892392008,0.8075264179424266,0.18926296633303002
146,0.27292576419222314,0.04794520547945206,0.06618482727268374,0.5,0.5278720310228096,0.7915678240242414,0.3448589626933576
147,0.09061135371166529,0.0,0.025066640388732908,0.0,0.4729762481823059,0.6272374379987014,0.40582347588717016
148,0.09061135371166529,0.07305936073059362,0.07216169698196999,0.8,0.4617062530296039,0.7700021565665338,0.3239308462238399
149,0.90938864628788,0.3744292237442922,0.5811937291784944,0.0,0.010421715947643406,0.41513909855507336,0.34121929026387626
150,0.0,0.7968036529680366,0.02414225763874772,0.8,0.5019389238972849,0.7431529005821176,0.2920837124658781
151,0.6364628820961116,0.817351598173516,0.022792963249160414,0.7000000000000001,0.4255937954435467,0.745740780676897,0.3721565059144677
152,0.90938864628788,0.11187214611872148,0.0563665360661114,0.9,0.5951284537081847,0.6938753504421129,0.33757961783439494
153,0.7270742358077769,0.27397260273972607,0.20677973413441597,0.1,0.24200193892392008,0.8075264179424266,0.1938125568698817
154,0.6364628820961116,0.14840182648401828,0.054571973135770994,0.6000000000000001,0.2679350460495016,0.6857882251456431,0.3030027297543221
155,0.90938864628788,0.3858447488584475,0.6254339469480842,0.0,0.13208919049930046,0.3222989001510541,0.1191992720655141
156,0.5458515283839915,0.31506849315068497,0.6278204687638697,0.0,0.11488124091130203,0.32650420530512747,0.07279344858962693
157,1.0,0.7009132420091325,0.1920211354876512,0.0,0.2031022782356331,0.6039465171445499,0.09736123748862603
158,0.6364628820961116,0.36757990867579915,0.12259751286682999,0.4,0.5670140571983211,0.6589389691609995,0.25477707006369427
159,0.36353711790388843,0.26484018264840187,0.05679908927803007,0.5,0.5731943771207284,0.7431529005821176,0.289353958143767
160,0.0,0.3538812785388128,0.12259751286682999,0.4,0.5670140571983211,0.6589389691609995,0.2711555959963603
161,0.27292576419222314,0.07990867579908677,0.0040649158312675,0.8,0.31858943286476915,0.6904248436487705,0.45677888989990895
162,0.8187772925762147,0.4383561643835617,0.09173252165439064,0.30000000000000004,0.5472612699951469,0.6916109553590104,0.29117379435850776
163,0.09061135371166529,0.36529680365296807,0.6254339469480842,0.0,0.13208919049930046,0.3222989001510541,0.03639672429481347
164,0.90938864628788,0.1940639269406393,0.012595795462123745,0.5,0.4201405719825857,0.7239594565451171,0.4358507734303912
165,0.18122270742378532,0.0,0.025066640388732908,0.0,0.4729762481823059,0.6272374379987014,0.4331210191082802
166,0.27292576419222314,0.3127853881278539,0.18766420176562523,0.1,0.543746970431414,0.8667241751131769,0.20928116469517744
167,0.8187772925762147,0.0,0.04170611770172145,0.6000000000000001,0.5498061076103227,0.7661203364243647,0.6005459508644221
168,0.8187772925762147,0.6438356164383562,0.04744311319660929,0.8,0.5090887057683631,0.7179210696569953,0.3257506824385805
169,0.4541484716155537,0.6301369863013699,0.0760644830893366,0.5,0.3746970431411114,0.7512400258788148,0.2711555959963603
170,0.8187772925762147,0.19178082191780824,0.2999773710459303,0.1,0.27399418322835345,0.8764287254689407,0.14467697907188354
171,0.7270742358077769,0.5479452054794521,0.6967604448258865,0.0,0.18589432864763467,0.24530946732784287,0.061874431301182906
172,0.4541484716155537,0.08219178082191782,0.05576175357044268,0.5,0.5911294231701731,0.7588958378260031,0.4658780709736123
173,1.0,0.15068493150684933,0.010375402047250855,0.9,0.5121182743577606,0.7501617425057248,0.45950864422202004
174,0.4541484716155537,0.9429223744292238,0.05854896293221151,0.4,0.6203344643723199,0.7663359930988918,0.2502274795268426
175,0.8187772925762147,0.09817351598173517,0.0632140036125394,0.7000000000000001,0.586888027144937,0.6927970670690229,0.3421292083712466
176,0.4541484716155537,0.6894977168949772,0.06942254908819213,0.30000000000000004,0.46025206010671127,0.690640500323525,0.2629663330300273
177,0.18122270742378532,0.31735159817351605,0.7038903102350899,0.0,0.2011633543383482,0.23226223851611394,0.10555050045495905
178,0.4541484716155537,0.7534246575342467,0.024393284836223536,0.9,0.544110518662194,0.744985982316166,0.3130118289353958
179,0.90938864628788,0.2990867579908676,0.17341313345834658,0.4,0.723339796413029,0.6580763424626639,0.264786169244768
180,0.4541484716155537,0.31963470319634707,0.06426785996634961,0.1,0.5193892389723942,0.5797929695922903,0.3184713375796178
181,0.0,0.6141552511415526,0.6846302995556987,0.0,0.20492001938924886,0.24455466896711187,0.07188353048225658
182,0.5458515283839915,0.26484018264840187,0.027613465066697564,0.8,0.6400872515754372,0.7297821867587118,0.43949044585987257
183,0.90938864628788,0.3082191780821918,0.3285556140082557,0.30000000000000004,0.3746970431411114,0.4238731938753517,0.14558689717925388
184,0.90938864628788,0.3881278538812786,0.6278204687638697,0.0,0.11488124091130203,0.32650420530512747,0.1019108280254777
185,0.09061135371166529,0.3219178082191781,0.400963224212382,0.0,0.2772661173049187,0.9511537632088221,0.1292083712465878
186,0.09061135371166529,0.7168949771689498,0.22026030301439178,0.30000000000000004,0.49418322830831585,0.4719646323053439,0.12647861692447682
187,0.5458515283839915,0.4771689497716895,0.33439538401017027,0.30000000000000004,0.3774842462433412,0.41880526202294277,0.1646951774340309
188,0.36353711790388843,0.2031963470319635,0.4725389239728153,0.0,0.27350945225407486,1.0,0.13102820746132848
189,0.27292576419222314,0.7945205479452055,0.02577968880473273,0.8,0.5453223460979757,0.7503773991804792,0.3339399454049135
190,0.27292576419222314,0.37214611872146125,0.6254339469480842,0.0,0.13208919049930046,0.3222989001510541,0.11737943585077341
191,0.90938864628788,0.8059360730593608,0.09175929809503831,0.8,0.5741638390693424,0.6781324131982274,0.3157415832575068
192,0.5458515283839915,0.30136986301369867,0.11240962634171624,0.2,0.5046049442559593,0.8192797067067659,0.2747952684258416
193,0.5458515283839915,1.0,0.005291341781764936,0.7000000000000001,0.42935046049444736,0.7241751132196441,0.31938125568698816
194,0.8187772925762147,0.2214611872146119,0.061580578857951124,0.5,0.6106398448861228,0.7681690748327128,0.37943585077343034
195,0.90938864628788,0.34703196347031967,0.5798487196381615,0.0,0.018904507998115605,0.4102868233769641,0.19745222929936307
196,0.7270742358077769,0.34703196347031967,0.06770970766908323,0.5,0.2687833252545033,0.7156566745741202,0.24567788898999093
197,0.36353711790388843,0.5205479452054795,0.10588742061937773,0.2,0.5929471643238458,0.7936165624323621,0.26387625113739765
198,0.6364628820961116,0.7853881278538813,0.015986317786423485,0.8,0.4452253999031086,0.7263316799653694,0.3694267515923567
199,0.4541484716155537,0.7762557077625571,0.020762547984588205,0.7000000000000001,0.41456616577806926,0.7378693120551816,0.28662420382165604
200,0.8187772925762147,0.4155251141552512,0.06624640844554246,0.8,0.4529810954920208,0.7695708432174797,0.21838034576888082
201,0.8187772925762147,0.3972602739726028,0.15041407360067932,0.0,0.3754241396025577,0.8153978865643694,0.16287534121929026
202,0.8187772925762147,0.2990867579908676,0.0833150513098478,0.5,0.6712312166747552,0.7588958378260031,0.3484986351228389
203,0.27292576419222314,0.8744292237442922,0.09580051422398558,0.30000000000000004,0.527387300048531,0.6857882251456431,0.21747042766151048
204,0.0,0.35616438356164387,0.04113794978433874,0.5,0.6054289869123295,0.7542592193228757,0.3503184713375796
205,0.36353711790388843,0.4109589041095891,0.21524084187876652,0.1,0.23933591856524572,0.8123786931203085,0.172884440400364
206,0.4541484716155537,0.29223744292237447,0.22063712224846319,0.30000000000000004,0.4946679592826513,0.47174897563081686,0.12556869881710642
207,0.6364628820961116,0.5068493150684932,0.055095838496241535,1.0,0.6223945710131034,0.6910718136725791,0.33121019108280253
208,0.4541484716155537,0.8789954337899544,0.09926012007453175,0.30000000000000004,0.5206010664081759,0.6835238300623132,0.24203821656050956
209,0.09061135371166529,0.2625570776255708,0.20677973413441597,0.1,0.24200193892392008,0.8075264179424266,0.16924476797088261
210,0.18122270742378532,0.7945205479452055,0.023550670003779455,0.8,0.5016965584101172,0.7459564373516514,0.3030027297543221
211,0.90938864628788,0.11872146118721463,0.05679908927803007,0.5,0.5731943771207284,0.7431529005821176,0.40582347588717016
212,0.4541484716155537,0.0,0.038769619241922126,0.1,0.5178138633058893,0.6152684925598351,0.32666060054595086
213,0.7270742358077769,0.40182648401826493,0.2756971257924203,0.2,0.6622636936500612,0.5108906620660036,0.2138307552320291
214,0.4541484716155537,0.14155251141552513,0.010375402047250855,0.9,0.5121182743577606,0.7501617425057248,0.45859872611464964
215,1.0,0.41324200913242015,0.2722189728867981,0.30000000000000004,0.42704798836649616,0.445654518007359,0.12101910828025476
216,0.7270742358077769,0.4383561643835617,0.05573862775948469,0.8,0.4838826951042847,0.7681690748327128,0.3685168334849864
217,0.6364628820961116,0.863013698630137,0.0877924403428637,0.1,0.478187106156156,0.6691826612031946,0.2920837124658781
218,0.27292576419222314,0.6392694063926941,0.05402334227473607,0.6000000000000001,0.5611972855065801,0.7295665300839573,0.30209281164695173
219,0.8187772925762147,0.31050228310502287,0.07252508932379287,0.5,0.4008725157538038,0.6883761052404225,0.32939035486806184
220,0.09061135371166529,0.6689497716894978,0.07833296272223225,0.8,0.5931895298110135,0.6795341815829943,0.2966333030027298
221,0.7270742358077769,0.8493150684931509,0.02523378044719521,0.9,0.5448376151236403,0.7453094673278429,0.6433121019108279
222,0.7270742358077769,0.20547945205479454,0.21325759089353274,0.0,0.6497818710616343,0.5830278197111056,0.28116469517743403
223,1.0,0.6986301369863015,0.06307059264706008,1.0,0.5957343674261324,0.6890230752640036,0.3721565059144677
224,0.6364628820961116,0.2077625570776256,0.21325759089353274,0.0,0.6497818710616343,0.5830278197111056,0.3157415832575068
225,0.7270742358077769,0.7876712328767124,0.04664747701826517,0.6000000000000001,0.558288899660738,0.7350657752856478,0.34940855323020925
226,0.6364628820961116,0.025114155251141558,0.02632810310298945,0.6000000000000001,0.4076587493941588,0.7263316799653694,0.37670609645131936
227,0.36353711790388843,0.37671232876712335,0.6278204687638697,0.0,0.11488124091130203,0.32650420530512747,0.047315741583257506
228,0.27292576419222314,0.7397260273972603,0.03738462293147124,0.8,0.5879786718371633,0.7152253612248387,0.2966333030027298
229,0.8187772925762147,0.271689497716895,0.4869485471712775,0.0,0.8371303926321048,0.47692473582037564,0.3548680618744313
230,1.0,0.7077625570776256,0.17526567333816565,0.0,0.20395055744063484,0.6191503127022315,0.10373066424021839
231,0.90938864628788,0.09132420091324202,0.3285556140082557,0.30000000000000004,0.3746970431411114,0.4238731938753517,0.23475887170154686
232,0.18122270742378532,0.36986301369863017,0.6266944970049182,0.0,0.12457586039749913,0.3239163252101207,0.06460418562329388
233,0.27292576419222314,0.6187214611872147,0.6789834251140826,0.1,0.22115850702863327,0.24088850549924246,0.08917197452229299
234,0.7270742358077769,0.9063926940639271,0.04795087556764353,0.9,0.5827678138633701,0.7094026310114714,0.22565969062784347
235,0.6364628820961116,0.18264840182648404,0.33926557151653486,0.4,0.33931168201655737,0.4321759758463486,0.14831665150136486
236,0.09061135371166529,0.2945205479452055,0.03515249490777377,0.7000000000000001,0.41190014541933806,0.7487599741211852,0.2884440400363967
237,0.5458515283839915,0.08219178082191782,0.05421124142236602,1.0,0.6198497333979844,0.6913952986844834,0.4940855323020928
238,0.5458515283839915,0.29680365296803657,0.10974627542030907,0.0,0.540596219098461,0.5569333620876478,0.2857142857142857
239,0.4541484716155537,0.29223744292237447,0.10974627542030907,0.0,0.540596219098461,0.5569333620876478,0.3002729754322111
240,0.90938864628788,0.41324200913242015,0.12596845172847232,0.0,0.37893843916629066,0.7994392926459568,0.2010919017288444
241,0.4541484716155537,0.25114155251141557,0.26130606511780397,0.2,0.38839069316532004,0.46549493206816805,0.1929026387625114
242,0.90938864628788,0.3127853881278539,0.03515249490777377,0.7000000000000001,0.41190014541933806,0.7487599741211852,0.3075523202911738
243,0.18122270742378532,0.04566210045662101,0.31772964072593973,0.30000000000000004,0.3817256422685773,0.4287254690532336,0.23475887170154686
244,0.8187772925762147,0.7488584474885844,0.02796562708159369,0.8,0.609428017450341,0.7084321759757586,0.3694267515923567
245,0.4541484716155537,0.10958904109589042,0.23766901131555368,0.30000000000000004,0.4854580707707328,0.4608583135648132,0.12829845313921745
246,0.8187772925762147,0.17123287671232879,0.09532427720594962,0.5,0.4909112942317506,0.8045072244985931,0.30209281164695173
247,0.8187772925762147,0.3744292237442922,0.05668361491093881,0.6000000000000001,0.38839069316532004,0.7461720940264058,0.3002729754322111
248,0.7270742358077769,0.49543378995433796,0.15958884851182453,0.0,0.3640329617063003,0.8167996549491363,0.14103730664240216
249,0.36353711790388843,0.4337899543378996,0.15249920190428726,0.0,0.3817256422685773,0.8192797067067659,0.13375796178343952
250,0.18122270742378532,0.4109589041095891,0.9718672576099759,0.1,0.30731943771206716,0.017576018977706553,0.06733393994540492
251,0.5458515283839915,0.8949771689497719,0.06208086981313739,0.7000000000000001,0.511633543383482,0.70778520595195,0.20382165605095542
252,0.27292576419222314,0.723744292237443,0.17573623331765872,0.0,0.2124333494910502,0.6108475307310073,0.05641492265696087
253,0.18122270742378532,0.13470319634703198,0.010375402047250855,0.9,0.5121182743577606,0.7501617425057248,0.4103730664240218
254,0.0,0.6940639269406393,0.26485815874341223,0.2,0.39469219583133963,0.46042700021553173,0.16651501364877158
255,0.0,0.025114155251141558,0.04742598926836147,0.5,0.6116093068347368,0.7593271511752846,0.4021838034576888
256,0.8187772925762147,0.7191780821917809,0.8490274357443697,0.1,0.22879301987399003,0.11915031270200416,0.08917197452229299
257,0.0,0.33333333333333337,0.04885750016981616,0.1,0.5225399903054608,0.6251886995901259,0.1719745222929936
258,0.6364628820961116,0.39497716894977175,0.06508493585973574,0.1,0.5203587009210651,0.5797929695922903,0.3303002729754322
259,0.8187772925762147,0.0,0.04170611770172145,0.6000000000000001,0.5498061076103227,0.7661203364243647,0.5068243858052774
260,0.4541484716155537,0.4041095890410959,0.12596845172847232,0.0,0.37893843916629066,0.7994392926459568,0.1929026387625114
261,0.6364628820961116,0.3881278538812786,0.22610919959053055,0.4,0.46849248666990206,0.468729782186756,0.21019108280254778
262,0.5458515283839915,0.36986301369863017,0.35031011851713606,0.30000000000000004,0.3245273873001224,0.43196031917182154,0.15286624203821653
263,0.27292576419222314,0.36301369863013705,0.04113794978433874,0.5,0.6054289869123295,0.7542592193228757,0.4131028207461328
264,0.8187772925762147,0.08904109589041097,0.3285556140082557,0.30000000000000004,0.3746970431411114,0.4238731938753517,0.2192902638762511
265,0.5458515283839915,0.7442922374429225,0.07274562757585183,0.7000000000000001,0.45576829859430745,0.7730213500105947,0.3002729754322111
266,0.18122270742378532,0.3584474885844749,0.12259751286682999,0.4,0.5670140571983211,0.6589389691609995,0.2775250227479527
267,0.6364628820961116,0.406392694063927,0.2722189728867981,0.30000000000000004,0.42704798836649616,0.445654518007359,0.14649681528662417
268,0.18122270742378532,0.7922374429223745,0.07105970181631946,0.5,0.5121182743577606,0.7019624757385827,0.30482256596906276
269,0.8187772925762147,0.3926940639269407,0.05679908927803007,0.5,0.5731943771207284,0.7431529005821176,0.29572338489535943
270,0.36353711790388843,0.40182648401826493,0.12596845172847232,0.0,0.37893843916629066,0.7994392926459568,0.14012738853503182
271,0.7270742358077769,0.24657534246575347,0.035454321545507816,0.1,0.5153902084343258,0.6138667241750682,0.9999999999999999
272,0.27292576419222314,0.4041095890410959,0.06624640844554246,0.8,0.4529810954920208,0.7695708432174797,0.1719745222929936
273,0.09061135371166529,0.29680365296803657,0.07252508932379287,0.5,0.4008725157538038,0.6883761052404225,0.29936305732484075
274,0.8187772925762147,0.30136986301369867,0.022699810316993828,0.1,0.5046049442559593,0.6071813672631379,0.19745222929936307
275,0.5458515283839915,0.6278538812785389,0.05733259168213059,0.7000000000000001,0.49660688317987933,0.7160879879231743,0.3039126478616924
276,0.0,0.03424657534246576,0.0,0.7000000000000001,0.43201648085317856,0.7277334483501363,0.38307552320291177
277,0.36353711790388843,0.43607305936073065,0.06770970766908323,0.5,0.2687833252545033,0.7156566745741202,0.24021838034576887
278,0.8187772925762147,0.4840182648401827,0.33439538401017027,0.30000000000000004,0.3774842462433412,0.41880526202294277,0.18289353958143767
279,0.09061135371166529,0.0,0.02861840917017388,0.6000000000000001,0.29217159476490906,0.6999137373300073,0.33121019108280253
280,0.8187772925762147,0.059360730593607317,0.2368063180198163,0.30000000000000004,0.46279689772177335,0.4624757386241072,0.2138307552320291
281,0.6364628820961116,0.05251141552511416,0.024896576732764884,0.6000000000000001,0.4088705768298837,0.7260081949534651,0.34394904458598724
282,0.7270742358077769,0.10730593607305937,0.0563665360661114,0.9,0.5951284537081847,0.6938753504421129,0.33848953594176523
283,0.27292576419222314,0.04566210045662101,0.2215770047058597,0.1,0.2318225884634444,0.8137804615053028,0.1637852593266606
284,0.8187772925762147,0.7648401826484019,0.3024590257964261,0.2,0.6625060591372289,0.48425706275611446,0.14467697907188354
285,0.27292576419222314,0.34246575342465757,0.05567174079856003,0.7000000000000001,0.42753271934077475,0.7667673064481733,0.2438580527752502
286,0.5458515283839915,0.6872146118721462,0.10749416174593754,0.30000000000000004,0.5213281628696791,0.6783480698727544,0.4340309372156505
287,0.27292576419222314,0.13470319634703198,0.010375402047250855,0.9,0.5121182743577606,0.7501617425057248,0.44313011828935395
288,0.36353711790388843,0.4383561643835617,0.06770970766908323,0.5,0.2687833252545033,0.7156566745741202,0.2302092811646952
289,1.0,0.37899543378995443,0.04645400911348146,0.6000000000000001,0.5615608337373033,0.7469268923871368,0.3949044585987261
290,0.7270742358077769,0.31735159817351605,0.04113794978433874,0.5,0.6054289869123295,0.7542592193228757,0.3357597816196542
291,0.4541484716155537,0.8607305936073061,0.072233240042626,0.0,0.4859428017450682,0.6596937675221852,0.267515923566879
292,0.18122270742378532,0.07762557077625572,0.005118834060157204,0.7000000000000001,0.30744062045567944,0.6855725684708887,0.4258416742493175
293,0.4541484716155537,0.39954337899543385,0.05758897107398197,0.5,0.2989578284052641,0.6520379555747695,0.15377616014558687
294,0.0,0.28767123287671237,0.05567174079856003,0.7000000000000001,0.42753271934077475,0.7667673064481733,0.3175614194722475
295,0.90938864628788,0.6027397260273973,0.048284908184250186,0.6000000000000001,0.575981580223015,0.7318309251670598,0.2775250227479527
296,0.5458515283839915,0.4155251141552512,0.3335387235346828,0.30000000000000004,0.3746970431411114,0.42042268708200936,0.1292083712465878
297,0.09061135371166529,0.2853881278538813,0.17341313345834658,0.4,0.723339796413029,0.6580763424626639,0.2411282984531392
298,0.18122270742378532,0.7968036529680366,0.0840962860634415,0.4,0.46000969461954355,0.7792753935732435,0.19017288444040037
299,0.7270742358077769,0.3812785388127854,0.6278204687638697,0.0,0.11488124091130203,0.32650420530512747,0.08280254777070063
300,0.5458515283839915,0.7579908675799089,0.015212508042368147,1.0,0.6023994183228751,0.7230968298467815,0.3503184713375796
301,0.4541484716155537,0.05707762557077626,0.02055201802663616,0.4,0.4228065923413169,0.7158723312484199,0.26660600545950863
302,0.09061135371166529,0.8675799086757991,0.06781539030484578,0.0,0.48739699466801767,0.6568902307526514,0.2556869881710646
303,0.90938864628788,0.37671232876712335,0.35031011851713606,0.30000000000000004,0.3245273873001224,0.43196031917182154,0.1419472247497725
304,0.90938864628788,0.8744292237442922,0.06440076763708613,0.0,0.4791565681047132,0.6545180073321717,0.2802547770700637
305,0.8187772925762147,0.4566210045662101,0.24791799948166013,0.30000000000000004,0.4138390693165661,0.4652792753934136,0.19836214740673336
306,0.4541484716155537,0.36986301369863017,0.04113794978433874,0.5,0.6054289869123295,0.7542592193228757,0.4313011828935395
307,0.90938864628788,0.32876712328767127,0.022676823724964677,0.1,0.5043625787688484,0.6066422255769339,0.38762511373976344
308,0.18122270742378532,0.23515981735159822,0.47280405868841396,0.0,0.2730247212797394,1.0,0.15559599636032756
309,0.8187772925762147,0.3744292237442922,0.04113794978433874,0.5,0.6054289869123295,0.7542592193228757,0.4131028207461328
310,0.6364628820961116,0.6917808219178083,0.1920211354876512,0.0,0.2031022782356331,0.6039465171445499,0.10464058234758873
311,1.0,0.3744292237442922,0.2506120404424925,0.2,0.26502666020360266,0.8433254259218756,0.15559599636032756
312,0.5458515283839915,0.48630136986301375,0.07957355806593204,0.4,0.5111488124091466,0.6966788872114194,0.3148316651501365
313,1.0,0.8082191780821918,0.045655511212711095,0.9,0.4682501211827912,0.7241751132196441,0.6405823475887169
314,0.7270742358077769,0.18949771689497721,0.012595795462123745,0.5,0.4201405719825857,0.7239594565451171,0.32029117379435845
315,0.6364628820961116,0.08447488584474887,0.08578649667222829,0.6000000000000001,0.48400387784784016,0.7945870174680749,0.3093721565059145
316,0.4541484716155537,0.35616438356164387,0.26807813787987794,0.2,0.6196073679108736,0.4808065559627721,0.1792538671519563
317,0.6364628820961116,0.30365296803652975,0.03515249490777377,0.7000000000000001,0.41190014541933806,0.7487599741211852,0.3130118289353958
318,0.09061135371166529,0.35616438356164387,0.1128267417213031,0.2,0.55598642753273,0.6575372007762326,0.27206551410373064
319,0.7270742358077769,0.16210045662100458,0.055095838496241535,1.0,0.6223945710131034,0.6910718136725791,0.38398544131028206
320,0.6364628820961116,0.7899543378995435,0.03856294100766809,0.5,0.2853853611246109,0.7029329307740682,0.17561419472247497
321,0.09061135371166529,0.3082191780821918,0.6456612198075445,0.0,0.08216190014542235,0.3267198619796545,0.10009099181073704
322,0.27292576419222314,0.3858447488584475,0.14561785775184052,0.4,0.6865002423655255,0.653224067284782,0.27388535031847133
323,0.36353711790388843,0.2945205479452055,0.0253841678278866,0.1,0.5066650508967996,0.606857882251461,0.23202911737943588
324,0.8187772925762147,0.6529680365296805,0.026877136152041032,0.6000000000000001,0.536112457586114,0.763748113003885,0.3175614194722475
325,0.0,0.28310502283105027,0.26130606511780397,0.2,0.38839069316532004,0.46549493206816805,0.2156505914467698
326,0.4541484716155537,0.8356164383561645,0.07199729489577496,0.8,0.46146388754243617,0.7700021565665338,0.2775250227479527
327,0.90938864628788,0.09360730593607305,0.005118834060157204,0.7000000000000001,0.30744062045567944,0.6855725684708887,0.4959053685168335
328,0.8187772925762147,0.07990867579908677,0.11353378825459276,0.30000000000000004,0.524842462433412,0.8214362734527185,0.264786169244768
329,0.18122270742378532,0.36301369863013705,0.22806073959752762,0.30000000000000004,0.46000969461954355,0.4682984688374745,0.14558689717925388
330,0.36353711790388843,0.31050228310502287,0.6456612198075445,0.0,0.08216190014542235,0.3267198619796545,0.10555050045495905
331,0.4541484716155537,0.7305936073059361,0.17532213434819685,0.0,0.20940378090159584,0.6138667241750682,0.047315741583257506
332,0.7270742358077769,0.5844748858447489,0.6955234072992571,0.0,0.19619486185172264,0.24088850549924246,0.07279344858962693
333,0.5458515283839915,0.908675799086758,0.09193562660280433,0.2,0.5295685894329267,0.6601250808712393,0.29117379435850776
334,0.09061135371166529,0.17808219178082194,0.012595795462123745,0.5,0.4201405719825857,0.7239594565451171,0.2802547770700637
335,0.27292576419222314,0.6849315068493151,0.15313434959521385,0.5,0.7027387300049099,0.6585076558119454,0.13830755232029118
336,1.0,0.6232876712328768,0.04860577687769613,0.6000000000000001,0.3906931652933281,0.7235281431958356,0.2629663330300273
337,0.18122270742378532,0.11643835616438357,0.28522093802694753,0.2,0.6301502666020724,0.47390554237654214,0.25477707006369427
338,0.18122270742378532,0.7146118721461188,0.0893286748163489,0.5,0.44401357246732687,0.7869312055206592,0.2120109190172884
339,0.27292576419222314,0.7191780821917809,0.03632116047157077,0.9,0.44352884149299143,0.7524261375888273,0.26114649681528657
340,0.7270742358077769,0.03881278538812786,0.04742598926836147,0.5,0.6116093068347368,0.7593271511752846,0.38944494995450407
341,0.7270742358077769,0.767123287671233,0.03828623565220548,0.0,0.4936984973339804,0.6374811300408965,0.3212010919017288
342,0.36353711790388843,0.29680365296803657,0.11240962634171624,0.2,0.5046049442559593,0.8192797067067659,0.267515923566879
343,0.0,0.13013698630136988,0.010375402047250855,0.9,0.5121182743577606,0.7501617425057248,0.4176524112829845
344,0.36353711790388843,0.7648401826484019,0.08351628453710702,0.8,0.6078526417838361,0.6732801380203455,0.3548680618744313
345,0.90938864628788,0.7899543378995435,0.4736208097376328,0.0,0.7989578284052641,0.45255553159358897,0.30573248407643316
346,0.0,0.0,0.025066640388732908,0.0,0.4729762481823059,0.6272374379987014,0.27570518653321197
347,0.8187772925762147,0.30136986301369867,0.26130606511780397,0.2,0.38839069316532004,0.46549493206816805,0.21110100090991812
348,1.0,0.3972602739726028,1.0000000000000002,0.1,0.3044110518662819,0.0,0.03275705186533212
349,0.18122270742378532,0.10502283105022832,0.0365492784208668,0.6000000000000001,0.5305380513815408,0.7723743799870135,0.4194722474977252
350,0.09061135371166529,0.17808219178082194,0.012595795462123745,0.5,0.4201405719825857,0.7239594565451171,0.35850773430391264
351,0.36353711790388843,0.30136986301369867,0.07252508932379287,0.5,0.4008725157538038,0.6883761052404225,0.3157415832575068
352,0.18122270742378532,0.09132420091324202,0.33364004397734154,0.30000000000000004,0.3777266117305089,0.4192365753719969,0.1910828025477707
353,0.18122270742378532,0.4200913242009133,0.41016652353517036,0.30000000000000004,0.35579253514305265,0.37459564373511967,0.1646951774340309
354,0.90938864628788,0.09360730593607305,0.3285556140082557,0.30000000000000004,0.3746970431411114,0.4238731938753517,0.2156505914467698
355,0.8187772925762147,0.2785388127853881,0.20677973413441597,0.1,0.24200193892392008,0.8075264179424266,0.20473157415832577
356,0.6364628820961116,0.08675799086757992,0.05576175357044268,0.5,0.5911294231701731,0.7588958378260031,0.48316651501364877
357,0.18122270742378532,0.23515981735159822,0.029091258527607987,0.1,0.5101793504605325,0.6087987923224318,0.3430391264786169
358,0.8187772925762147,0.0,0.048817126680451364,0.9,0.4418322830829311,0.7612680612462555,0.3393994540491356
359,0.5458515283839915,0.025114155251141558,0.02632810310298945,0.6000000000000001,0.4076587493941588,0.7263316799653694,0.34121929026387626
360,0.90938864628788,0.1278538812785388,0.36902454568315707,0.0,0.2784779447407004,0.9285098123787066,0.15559599636032756
361,0.0,0.7511415525114156,0.009887541795533382,1.0,0.6171837130393101,0.7191071813672352,0.359417652411283
362,0.4541484716155537,0.9452054794520549,0.03988191660830712,0.8,0.5014541929229495,0.7267629933146509,0.5068243858052774
363,0.8187772925762147,0.39041095890410965,0.14602784202851657,0.4,0.6865002423655255,0.6529005822728777,0.2948134667879891
364,0.90938864628788,0.7374429223744292,0.013390178670108274,1.0,0.6028841492971537,0.7260081949534651,0.367606915377616
365,0.8187772925762147,0.8059360730593608,0.09138277276759448,0.7000000000000001,0.5702859912748863,0.6807202932930068,0.23202911737943588
366,0.27292576419222314,0.39497716894977175,0.34619867417297184,0.4,0.3605186621425105,0.41718783696342143,0.19927206551410376
367,0.09061135371166529,0.32420091324200917,0.27505965778601293,0.1,0.23582161900151277,0.8519516929047768,0.1565059144676979
368,0.18122270742378532,0.34246575342465757,0.2792014209191254,0.2,0.39469219583133963,0.4505067931852409,0.12101910828025476
369,0.8187772925762147,0.4155251141552512,0.05065537341690908,0.1,0.5255695588948583,0.6217381927970109,0.32302092811646954
370,0.0,0.4611872146118722,0.33439538401017027,0.30000000000000004,0.3774842462433412,0.41880526202294277,0.13830755232029118
371,0.09061135371166529,0.36301369863013705,0.04113794978433874,0.5,0.6054289869123295,0.7542592193228757,0.31392174704276615
372,0.90938864628788,0.09360730593607305,0.04478417087461551,0.5,0.28889966068834383,0.7119905111062508,0.4012738853503185
373,0.36353711790388843,0.7739726027397261,0.020762547984588205,0.7000000000000001,0.41456616577806926,0.7378693120551816,0.30846223839854414
374,0.4541484716155537,0.0,0.038769619241922126,0.1,0.5178138633058893,0.6152684925598351,0.40582347588717016
375,0.6364628820961116,0.12328767123287673,0.05679908927803007,0.5,0.5731943771207284,0.7431529005821176,0.381255686988171
376,0.6364628820961116,0.49543378995433796,0.17550946115134156,0.0,0.358458555501727,0.8257494069441691,0.14740673339399452
377,0.8187772925762147,0.3356164383561644,0.2620115957116462,0.2,0.3926320891904993,0.46323053698506556,0.2083712465878071
378,0.7270742358077769,0.08904109589041097,0.0040649158312675,0.8,0.31858943286476915,0.6904248436487705,0.4476797088262056
379,0.7270742358077769,0.8515981735159818,0.08732195770721993,0.8,0.4689772176442375,0.7850981237868382,0.2711555959963603
380,0.7270742358077769,0.0,0.04170611770172145,0.6000000000000001,0.5498061076103227,0.7661203364243647,0.565059144676979
381,0.7270742358077769,0.3219178082191781,0.04113794978433874,0.5,0.6054289869123295,0.7542592193228757,0.41583257506824384
382,0.8187772925762147,0.18264840182648404,0.016886337223860955,0.9,0.6169413475521424,0.7146862195384074,0.3612374886260236
383,0.36353711790388843,0.37214611872146125,0.5423630949206908,0.0,0.0,0.4576234634459979,0.19745222929936307
384,0.0,0.6643835616438357,0.0746726341138326,0.4,0.5620455647115818,0.7047660125078892,0.29754322111010006
385,0.09061135371166529,0.36757990867579915,0.6254339469480842,0.0,0.13208919049930046,0.3222989001510541,0.04822565969062785
386,0.36353711790388843,0.41780821917808225,0.009204473402421646,1.0,0.6171837130393101,0.7195384947162893,0.3548680618744313
387,0.18122270742378532,0.0,0.025066640388732908,0.0,0.4729762481823059,0.6272374379987014,0.4340309372156505
388,0.6364628820961116,0.36986301369863017,0.32177704436283566,0.30000000000000004,0.3435530780417366,0.44306663791235223,0.1637852593266606
389,0.90938864628788,0.23744292237442927,0.34473006916136517,0.4,0.33325254483764866,0.4313133491482404,0.1792538671519563
390,0.6364628820961116,0.9337899543378996,0.015310843012441705,0.8,0.43007755695589367,0.7415354755228236,0.5468607825295723
391,0.90938864628788,0.7488584474885844,0.05482864643424993,0.9,0.47794474066893144,0.7544748759971753,0.2820746132848044
392,1.0,0.14155251141552513,0.29643827118701416,0.1,0.2360639844886805,0.8662928617641228,0.2156505914467698
393,0.4541484716155537,0.9748858447488586,0.06503367235638136,0.6000000000000001,0.5719825496849467,0.7031485874488226,0.25204731574158323
394,0.36353711790388843,0.3858447488584475,0.14602784202851657,0.4,0.6865002423655255,0.6529005822728777,0.29754322111010006
395,0.90938864628788,0.7442922374429225,0.6362132045453879,0.1,0.2832040717402151,0.2455251240025973,0.15559599636032756
396,0.27292576419222314,0.4840182648401827,0.07566794117367895,0.4,0.5081192438196922,0.6996980806554802,0.3175614194722475
397,0.0,0.8470319634703197,0.1384846046820353,0.1,0.48364032961706016,0.8313564804830094,0.2211101000909918
398,0.8187772925762147,0.2990867579908676,0.17656907188754398,0.4,0.7209161415414655,0.6526849255983507,0.22383985441310283
399,0.8187772925762147,0.3356164383561644,0.2620115957116462,0.2,0.3926320891904993,0.46323053698506556,0.14012738853503182
400,0.27292576419222314,0.2899543378995434,0.022699810316993828,0.1,0.5046049442559593,0.6071813672631379,0.27024567788898995
401,0.6364628820961116,0.6118721461187215,0.07105970181631946,0.5,0.5121182743577606,0.7019624757385827,0.2538671519563239
402,0.4541484716155537,0.17351598173515984,0.3328333476285393,0.30000000000000004,0.3754241396025577,0.4206383437567638,0.18289353958143767
403,0.18122270742378532,0.2899543378995434,0.0253841678278866,0.1,0.5066650508967996,0.606857882251461,0.19017288444040037
404,0.0,0.7054794520547946,0.02143339759637839,0.9,0.6236063984488851,0.7130687944791134,0.2920837124658781
405,0.7270742358077769,0.3744292237442922,0.04113794978433874,0.5,0.6054289869123295,0.7542592193228757,0.30573248407643316
406,0.0,0.5251141552511416,0.016646200040374724,0.6000000000000001,0.2976248182259269,0.6913952986844834,0.26933575978161967
407,0.5458515283839915,0.04337899543378996,0.05394822592823974,0.7000000000000001,0.4951526902569867,0.7195384947162893,0.29936305732484075
408,0.36353711790388843,0.11872146118721463,0.36902454568315707,0.0,0.2784779447407004,0.9285098123787066,0.13375796178343952
409,0.8187772925762147,0.42237442922374435,0.3329437946454223,0.30000000000000004,0.3784537081920121,0.41945223204652393,0.18653321201091905
410,0.36353711790388843,0.3127853881278539,0.6278204687638697,0.0,0.11488124091130203,0.32650420530512747,0.07097361237488627
411,0.0,0.1278538812785388,0.010375402047250855,0.9,0.5121182743577606,0.7501617425057248,0.38580527752502275
412,0.6364628820961116,0.4292237442922375,0.0568611499827548,0.7000000000000001,0.5714978187106681,0.7152253612248387,0.3002729754322111
413,0.36353711790388843,0.18493150684931509,0.012595795462123745,0.5,0.4201405719825857,0.7239594565451171,0.40855323020928114
414,0.90938864628788,0.14840182648401828,0.010375402047250855,0.9,0.5121182743577606,0.7501617425057248,0.5122838944494994
